{"fp_bpp": [0.4764811197916667], "fpp_bpp": [0.4764811197916667], "hp_bpp": [0.23824055989583334], "fp_psnr": [20.209567546844482], "fpp_psnr": [19.410396814346313], "hp_psnr": [20.18850326538086]}