{"fp_bpp": 0.4764811197916667, "fpp_bpp": 0.4764811197916667, "hp_bpp": 0.23824055989583334, "fp_psnr": 26.160166263580322, "fpp_psnr": 23.47496509552002, "hp_psnr": 26.097633838653564}