{"fp_bpp": 0.4764811197916667, "fpp_bpp": 0.4764811197916667, "hp_bpp": 0.23824055989583334, "fp_psnr": 29.606409072875977, "fpp_psnr": 27.73557424545288, "hp_psnr": 29.56618309020996}